"country","country_2","count_agencies","count_resources","agency_names","biodata_resource_names"
"Argentina","AR",3,6,"Universidad Nacional de Quilmes, Agencia Nacional de Promoci√≥n Cient√≠fica y Tecnol√≥gica, Consejo Nacional de Investigaciones Cient√≠ficas y T√©cnicas","CoDNaS-RNA, MobiDB, PED, articles.ELM, DisProt, ELM"
"Australia","AU",2,14,"National Health and Medical Research Council, Australian Research Council","AcrHub, DisBind, DEE2, Haemopedia, PRISMOID, ProCarbDB, ThermoMutDB, Vesiclepedia, CropSNPdb, CrustyBase, Microndata, ExoCarta, RaftProt, OGEE"
"Austria","AT",1,6,"Austrian Science Fund FWF","CANGS, COMMODE, EffectiveDB, EndoDB, PoPoolation, probeBase"
"Belgium","BE",1,3,"Research Foundation Flanders","DisProt, PDBe-KB, MobiDB"
"Brazil","BR",2,6,"Coordena√ß√£o de Aperfei√ßoamento de Pessoal de N√≠vel Superior, Conselho Nacional de Desenvolvimento Cient√≠fico e Tecnol√≥gico","CitrusKB, ExVe, PlanTE-MIRDB, Propedia, ThermoMutDB, SpliceProt"
"Canada","CA",7,48,"Canadian Institutes of Health Research, CIHR, Natural Sciences and Engineering Research Council of Canada, Genome Canada, Canada Foundation for Innovation, Canada Research Chairs, Ontario Research Fund","BacMap, CiliaCarta, DrugBank, CYCLoPs, DNAmod, DIPPER, ECMDB, HAltORF, KID, InnateDB, iRefWeb, IHEC, MOSAIC, MouseBytes, NetwoRx, oRNAment, PhenoM, PhenomeCentral, PseudomonasGenome, SMPDB, TopFIND, SYNERGxDB, YMDB, YeTFaSCo, TrypsNetDB, DGV, CARD, JASPAR, PSORTdb, ChromoHub, CRCgene, MaveDB, NeuroGeM, PhosphoGRID, QPN, AYbRAH, CLRP, Gemma, PASS, ProtDataTherm, IntAct, PED, MRMAssayDB, MarkerDB, PathDIP, UbiHub, IID, Gramene"
"China","CN",52,411,"National Natural Science Foundation of China, National Key Research and Development Program of China, National Science Foundation, China Postdoctoral Science Foundation, Fundamental Research Funds for the Central Universities, Chinese Academy of Sciences, National Key R&amp;D Program of China, National Key Research and Development Program, Natural Science Foundation of China, Ministry of Science and Technology of the People&apos;s Republic of China, Harbin Medical University, Natural Science Foundation of Heilongjiang Province, National Key Research Program of China, National Science Foundation of China, China Scholarship Council, International Partnership Program of the Chinese Academy of Sciences, 13th Five-year Informatization Plan of Chinese Academy of Sciences, the National Natural Science Foundation of China, National High Technology Research and Development Program of China, Natural Science Foundation of Guangdong Province, National Key R&amp;D Program, Ministry of Science and Technology, Shanghai Jiao Tong University, Program for Guangdong Introducing Innovative and Entrepreneurial Teams, National Program on Key Basic Research, Beijing Natural Science Foundation, Shanghai Municipal Science and Technology Major Project, CAS, Natural Science Foundation of Tianjin, Huazhong Agricultural University Scientific &amp; Technological Self-innovation Foundation, Priority Academic Program Development of Jiangsu Higher Education Institutions, Shanghai Sailing Program, Shanghai Municipal Education Commission, Zhejiang Provincial Natural Science Foundation of China, Natural Science Foundation, Shanghai Municipal Science and Technology, Science and Technology Program of Guangzhou, Guangdong Introducing Innovative and Entrepreneurial Teams, National Key Plan for Scientific Research and Development of China, National Science Fund for Distinguished Young Scholars, Strategic Priority Research Program of the Chinese Academy of Sciences, the National Key Research and Development Program of China, Zhejiang Provincial Natural Science Foundation, Chinese University of Hong Kong, Fundamental Research Funds, National Programs for High Technology Research and Development, Natural Science Foundation of Shanghai, Beijing Nova Program, Fundamental Research Funds for the Provincial Universities, Heilongjiang Touyan Innovation Team Program, International Science &amp; Technology Cooperation Program of China, Special Project on Precision Medicine under the National Key R&amp;D Program","AddictGene, Animal-ImputeDB, Animal-APAdb, AppleMDO, ASGDB, ASD, ASRD, ASFVdb, ASER, AtCircDB, ATD, ATdb, ATACdb, AtMAD, AWESOME, BBCancer, BC-TFdb, BGVD, BioM2MetDisease, BrainEXP, CancerImmunityQTL, CancerSEA, CancerSplicingQTL, CancerTracer, CanImmunother, CARDIO-LNCRNAS, CardioTF, CATA, CAUSALdb, CeleryDB, Cellinker, CellMarker, CellTalkDB, CFEA, CHDGKB, ChemHub, ChineseGliomaGenomeAtlas, CIGene, CircAtlas, circExp, CIRCpedia, circR2Cancer, CircR2Disease, circVAR, CKTTD, CMAUP, CMBD, CMVdb, CNAdbCC, cncRNAdb, CoFly, ColorCells, CottonGVD, CovalentInDB, CoVdb, CRISPRlnc, CRPMKB, CrusTF, dbPHCC, DNetDB, DisBind, Dynamic-BM, DRDB, dbCRSR, dbLGL, dbCID, dbCPM, DSMNC, dbMPIKT, dbHDPLS, dbInDel, DrugCombDB, DrugSpaceX, CyanoPATH, D3DistalMutation, DevOmics, GAMDB, FVD, EWASdb, EVmiRNA, EndoDB, EWASAtlas, ETCM, ENPD, EnDisease, GEDS, Gene4Denovo, ENdb, FluReassort, ETph, FRCD, ExoceRNAAtlas, EnzyMine, FishDB, FifBase, FAWMine, EyeDiseases, FertilityOnline, EnhFFL, Grape-CRISPR, HCSGD, HEROD, IDPM, HDncRNA, HAMdb, HCCDB, iDog, GMrepo, HybridMolDB, GWASAtlas, gutMDisorder, GESUR, GRONS, HKPocket, HotSpot3D, gutMEGA, hTFtarget, IDDB, GIMICA, GRNdb, HERB, iCysMod, HIR, GPCards, GGVD, HisPhosSite, HFBD, GWH, HBFP, HFIP, LiverAtlas, LnChrom, lncRNAnet, LncACTdb, KnockTF, LnCeVar, MaGenDB, LncTarD, LLPSDB, LncSpA, MACSNVdb, IRESbase, lncR2metasta, LncAS2Cancer, LncSEA, LncExpDB, KNIndex, LnCeCell, InSexBase, M6ADD, ImmReg, MiasDB, MetSigDis, MethCNA, MCENet, MepmiRDB, MDR, MNDR, MosaicBase, miRNASNP-v3, MASI, MloDisDB, MolluscDB, MicroPhenoDB, Molluscamitochondrialdatabase, ncDR, PepBDB, PADFrag, NucMap, OncoBase, OsteoporosAtlas, PGG.Han, PCaLiStDB, PDIR, ncEP, NoncoRNA, Nc2Eye, ncRPheno, ncRI, OncotRF, ncRNAVar, PDmethDB, NPBS, NBIGV, NGD, OGP, PCPD, NUCOME, Nabe, PLNlncRbase, POSTAR2, piRTarBase, qPhos, PhaSepDB, QTLbase, PSMD, PmiREN, prokaryoticantiviraldefensesystem, PGG.SNV, PlantCircNet, PsyMuKB, QSIdb, PROTAC-DB, piRNA-eQTL, PMI-DB, SecReT6, SilkPathDB, RED, RRDB, SEGreg, SCRIPT-MAP, SDADB, realDB, SEdb, SAGD, SNP2APA, SilkDB, SpatialDB, RNAactDrug, RNAInter, RSVdb, saponinmassspectrometrydatabase, RIGD, SC2disease, RMVar, SilencerDB, RASP, riboCIRC, RhododendronPlantGenomeDatabase, RPocket, TarNet, StemCellCKB, SSER, Stress2TF, TRCirc, TransmiR, SymMap, TPIA, TRlnc, TE141K1, TeroKit, TCMIO, TeaCoN, STAB, TCRdb, TransCirc, TISCH, ToxinDB, TarDB, TCM-Blast, TrackingAirPollutioninChina, EOGD, PPGD, TSNAdb, Victors, CistromeDB, UVGD, uORFlight, WeiBI, VirusCircBase, YIR, tsRBase, VARAdb, 2019nCoVR, TUPDB, ViralPutativeG-quadruplex, MPD, LncRNADisease, RPFdb, DoriC, PED, HMDD, WDSPdb, LSD, NPInter, VariBench, deepBase, Lnc2Cancer, MetaADEDB, CEG, UbiNet, SorGSD, BacWGSTdb, ICEberg, piRBase, NONCODE, AnimalTFDB, LncBook, LincSNP, AdditiveChem, ConoMode, EWAS, HVIDB, MENDA, MeDAS, mPPI, PhoPepMass, PID, PSDX, OGEE, GVM, AcrDB, AgBioData, AncestralGenomes, ANISEED, ASNR, CHESS, D-PLACE, dbCAN-PUL, DescribePROT, Datanator, EchinoDB, ENVO, Echinobase, GPs, GutFeelingKB, GlyMDB, GSDB, iTAP, InteracDome, MetabolicInsilicoNetworkExpansions, MOSAIC, MIBiG, MtSSPdb, ModelSEED, PdumBase, OCELOT, ProKinO, PMKB, REDfly, StructureSurfer, SpinachBase, TMB, STAGdb, TBDB, tRFtarget, DOCKGROUND, VPGD, MirGeneDB, MGPPortal, PharmGKB, PDB, NDB, GOC, DrugCentral, PlantReactome, PANTHER, CDD, InterPro, Gramene, Ensembl, iEKPD, MMHub, DrLLPS, EPSD, GreenCircRNA, MeLAD, PTMD, PRISMOID, Plant-ImputeDB, EDK, gcType, GSA, HeteroMeth, GliomaDB, GREG, PDXliver, RabGTD, PhenoModifier, YaTCM, WGVD, LncCeRBase, AnnoLnc, EuRBPDB, iCAV, PLMD, SAGER, THANATOS, TetrahymenaComparativeGenomicsDatabase, SPDB, VPTMdb, CottonFGD, DIPPER, NanDeSyn, coexpressMAP, LncRNA2Target, iProX, DNMIVD, Mr.Vc, PRMdb, DrugComb, ncRNA2MetS, StreptomeDB, gcMeta, BmncRNAdb, COGVIC, CuAS, TeaAS, PlantPAN, EXPath, DriverDB, HFMDB, PlaD, ncRNA-eQTL, KVarPredDB, proGenomes2, CARMO, dbAMP, dbPTM, SpinachDB, HisgAtlas"
"Czech Republic","CZ",1,3,"Ministry of Education","AmtDB, CMEP, PSRN"
"Denmark","DK",6,29,"Novo Nordisk Fonden, Novo Nordisk Foundation Center for Protein Research, NNF Center for Biosustainability, Novo Nordisk Foundation, Villum Fonden, Lundbeck Foundation","ALEdb, antiSMASH, BiG-FAM, HemaExplorer, GNPS, MIBiG, MtSSPdb, SMBP, TELEMED, BiGG, FANTOM5, GPCRdb, JASPAR, bio.tools, DistiLD, DISEASES, RAIN, STRING, TISSUES, TCRD, miRandola, DrugCentral, eggNOG, STITCH, CMRegNet, CoVex, DIGGER, OMDB, GPCRDB"
"EU","EU",13,109,"European Research Council, Horizon 2020, European Commission FP7, European Molecular Biology Laboratory, European Regional Development Fund, Seventh Framework Programme, Open Targets, FEDER, Innovative Medicines Initiative, European Social Fund, European Union, European Bioinformatics Institute, ELIXIR","BACTOME, CancerPanorOmics, CGOB, DrugComb, DualSeqDB, euL1db, enviPath, ENVO, FRED, EndoDB, Fuzzle, iFISH, LoQAtE, JASPAR, InvFEST, LymphoAtlas, MINAS, MyMpn, OMDB, POGO-DB, PhylomeDB, probeBase, SIGNOR, SwissPalm, SweGen, SysteMHC, SynGO, yApoptosis, WALTZ-DB, proGenomes2, ViruSurf, IntAct, eggNOG, PlanMine, GPCRdb, PRIDE, Bgee, DisProt, DIGGER, FireProtDB, FAANG, liqDB, ModelSEED, MESOCOSM, PepTherDia, RetroRules, MGnify, WikiPathways, MobiDB, PED, Pfam, Rfam, ELM, ENA, Ensembl, CADRE, InterPro, MINT, MuteinDB, PORCN, SitEx, TFClass, UniPathway, VectorBase, LOVD, ALSoD, BRAD, UniProtKB, Rhea, BioSamples, eQTL, SKEMPI, GOC, BioModels, GENCODE, IGSR, InternationalNucleotideSequenceDatabaseCollaboration, ArrayExpress, Gramene, 2DProts, AntimicrobialEnzymeCombinationsDatabase, CSVS, MRMAssayDB, MENSAdb, PDBe-KB, Peryton, TMSNP, ValTrendsDB, mirEX, AHCODA-DB, CiliaCarta, CyFi-MAP, NaDH, NvERTx, SulfAtlas, BGD, chewie-NS, SITVIT2, DisGeNET, hPSCreg, UbiHub, gcType, OMEGA-NET, Translocatome, Virxicon, TOXsIgN, wwPDB, PhaSepDB, Reactome"
"France","FR",5,23,"Agence Nationale de la Recherche, Centre National de la Recherche Scientifique, CNRS, French National Research Agency, Fondation pour la Recherche M√©dicale","AgBioData, ANISEED, CALR-ETdb, LeGOO, LymphoAtlas, IsoArcH, MiSynPat, MEGALEX, monoterpeneindolealkaloiddatabase, MtExpress, MESOCOSM, OrthoInspector, ParameciumDB, PhytoREF, RESPIRE, PED, LIMONADA, T1TAdb, CRISPRCasdb, EctoGEM, GRALL, RetroRules, IntAct"
"Germany","DE",7,33,"Deutsche Forschungsgemeinschaft, Federal Ministry of Education and Research, Bundesministerium f√ºr Bildung und Forschung, Max-Planck-Gesellschaft, Saarland University, German Research Foundation, DFG","AroCageDB, AureoWiki, CiliaCarta, EpiRegio, GH19ED, MitoCarta, OptoBase, OmniPath, QSDB, SCEGRAM, SDRED, Traitpedia, SuperTCM, BacDive, BACTOME, DIGGER, PID-NET, TREND-DB, ProteomicsDB, CoxBase, ExED, eggNOG, STRING, A.P.E.S, MeFSAT, TExAs, AnimalsncRNAAtlas, PLSDB, miRPathDB, MaleFertilityGeneAtlas, StreptomeDB, SynGO, Rfam"
"Hungary","HU",1,6,"Hungarian Academy of Sciences","DIBS, DisProt, FoldamerDB, MFIB, PhaSePro, ELM"
"India","IN",8,35,"Council of Scientific and Industrial Research, Science and Engineering Research Board, Indian Council of Medical Research, Department of Biotechnology, Department of Science and Technology, University Grants Commission, Department of Biotechnology, Ministry of Science and Technology, Department of Biotechnology, Ministry of Science and Technology, India","BoMiProt, Cancertope, CicerTransDB, circad, HSPMdb, MSDB, mitoepigenomeKB, MorCVD, PanGFR-HM, PVsiRNAdb, PRP, TopicalPdb, LncRBase, databaseofcancermutantproteindomains, FCCP, MeFSAT, SWI/SNFInfobase, miPepBase, PSCRIdb, SPGDB, TrypInDB, BioFuelDB, PtRFdb, TGV, SWITCHES, MPTherm, PROXiMATE, SAPdb, CancerEnD, HPREP, HuVarBase, KiPho, PCOSKBR2, MycoTRAP-DB, SoyTD"
"Italy","IT",1,7,"Telethon","CiliaCarta, HOCTARdb, HuPho, MANTRA, MINT, RettNetworkedDatabase, IntAct"
"Japan","JP",6,31,"Japan Society for the Promotion of Science, Japan Agency for Medical Research and Development, Japan Science and Technology Agency, Ministry of Education, Culture, Sports, Science and Technology, JSPS, National Bioscience Database Center","CancerProView, DNApod, dbCNS, FMODB, KampoDB, MOSAIC, PTP-central, PubChemQC, PyDISH, ViBrism, MitoFish, FANTOM5, ATTED-II, BSM-Arc, HpBase, ICSCB, NARD, OryzaGenome, jMorp, COXPRESdb, InternationalNucleotideSequenceDatabaseCollaboration, DDBJ, AOE, GlycoPOST, jPOST, KAIKObase, GlyTouCan, KEGG, ANISEED, SoybeanProteomeDatabase, MBGD"
"Korea","KR",1,9,"National Research Foundation of Korea","BiomeNet, GenomewidePDB, HumanNet, iCSDB, MENT, PFDB, STADIUM, ChimerDB, SMBP"
"Netherlands","NL",2,15,"Dutch Research Council (NWO), Graduate School for Experimental Plant Sciences","AHCODA-DB, AraQTL, AutismBrainImagingDataExchange, CiliaCarta, FAIRDOMHub, FSD, HDG, MIBiG, MENSAdb, BDB, antiSMASH, MSeqDR, KLIFS, JASPAR, BiG-FAM"
"Norway","NO",1,3,"Norges Forskningsr√•d","EBRAINS, FPADMET, SalmoBase"
"Poland","PL",1,4,"Narodowe Centrum Nauki","LuluDB, InterMetalDB, PhyMet2, mirEX"
"Portugal ","PT",1,5,"Funda√ß√£o para a Ci√™ncia e a Tecnologia","chewie-NS, DisProt, CyFi-MAP, LEGE, MENSAdb"
"Russia","RU",1,7,"Russian Science Foundation","GEMI, MutHTP, VDJdb, MirGeneDB, CSDB_GT, SitEx, GTRD"
"Saudi Arabia","SA",1,3,"King Abdullah University of Science and Technology","IBDDB, PathoPhenoDB, LncBook"
"Spain","ES",5,17,"Instituto de Salud Carlos III, Ministerio de Ciencia, Innovaci√≥n y Universidades, Ministerio de Econom√≠a y Competitividad, MINECO, Generalitat de Catalunya","APID, FHLdb, GRINdb, liqDB, PACHIN, CANNUSE, TMSNP, proGenomes2, DisProt, PopHumanScan, MAHMI, T-ARDIS, SKEMPI, DisGeNET, NoncodedAminoacidsDatabase, GSAD, BCE"
"Sweden","SE",1,4,"Vetenskapsr√•det","DisProt, OMDB, VariBench, FunCoup"
"Switzerland","CH",3,33,"Swiss National Science Foundation, Swiss Institute of Bioinformatics, Swiss Federal Government","ASAP, Bgee, CEGA, ChlamDB, CoevDB, enviPath, GNPS, MAdb, MINAS, MetaNetX/MNXref, NaDH, PolyASite, Selectome, SNP2TFBS, SwissRegulon, SugarBindDB, SysteMHC, UCNEbase, GDB17, OrthoDB, GETPrime, ABCD, Gene3D, GENCODE, UniCarbKB, EPD, EuropePMC, OMA, GPCRdb, eggNOG, STRING, GOC, UniProtKB"
"Taiwan","TW",2,14,"Ministry of Science and Technology, Taiwan, Taiwan Ministry of Science and Technology","CSmiRTar, DockCoV2, LCMD, MitoTox, MycoTRAP-DB, PSRN, SkinSensDB, TACCO, YCRD, YARG, OrchidBase, HBDB, LipidPedia, YeastPhosphoinositide-BindingProteins"
"UK","UK",10,225,"Biotechnology and Biological Sciences Research Council, Wellcome Trust, Medical Research Council, Cancer Research UK, British Heart Foundation, Natural Environment Research Council, Engineering and Physical Sciences Research Council, Parkinson's UK, Cystic Fibrosis Trust, UK Royal Society-Newton Advanced Fellowship","AFFINOMICS, ArabidopsisNetworkAnalysisPipeline, Araport, ArchDB, AVIMM, biochem4j, BioModels, BioSharing, BRAINS, CAZypedia, CerealsDB, ChEBI, CiliaCarta, CODEX, ComPPI, crisprSQL, dcGO, D(2)P(2, DAA, GeeFu, ENA, ELM, Gene3D, GenDR, FlyAtlas, Genome3D, GeneFriends, EnsemblPlants, FunTree, FAIRDOMHub, EMDB, GeneATLAS, GENCODE, EnteroBase, FAANG, GOBLET, GlycoMob, HPMC, HLA-ADR, GPs, InterPro, InterStoreDB, LjGEA, LipidHome, iLIR, IPD-MHC, iLIR@viral, iProX, MetaboLights, Marmal-aid, MemProtMD, MIBiG, Missense3D-DB, PCDDB, NakedMoleRatGenomeResource, OMA, PDBe, PDBe-KB, ORDER, OmniPath, PICCOLO, pubmed2ensembl, PhosphoGRID, PHI-base, PREDICTS, PITDB, SignaFish, SalmoNet, SeedStor, RetroRules, SARSCoV-2, StemCellDiscoveryEngine, TAIR, TIMBAL, TreeFam, SuperNaturalII, SUPERFAMILY, TheMouseGenomesProject, ThaleMine, InternationalNucleotideSequenceDatabaseCollaboration, ExpressionAtlas, TrypanoCyc, WaspAtlas, WormBaseParaSite, CATH, MGnify, UKImmunologicalToolbox, EnsemblGenomes, LAMP, Ensembl, RNAcentral, ARN, Pfam, FANTOM5, UniProt, Rfam, MEROPS, SKEMPI, miRBase, BioGRID, WormBase, SCOP, ENCODE, GOC, antiSMASH, eggNOG, AFND, Gramene, PRIDE, UniProtKB, ArrayExpress, GlyTouCan, OAS, JASPAR, IPD, BioSamples, PDB, BreCAN-DB, CCDS, CGOB, ChromoHub, COSMIC, CREDO, CSA, DECIPHER, DARNED, DGVa, diXa, DrugAge, GeneDB, GeneTack, EuPathDB, EuropePMC, eQTL, HSPIR, HAGR, Geroprotectors, HipSci, Hepitopes, ICTV, LongevityMap, IGSR, modENCODE, modMine, metabolicMine, NeuroGeM, NECTAR, PrionHome, PPD, PomBase, PlasmoGEM, PhenoPlasm, ProCarbDB, SIFTS, SATuRN, SkeletalVis, SurvCurv, SureChEMBL, SysteMHC, ThermoMutDB, IMPC, ElectronicMouseAtlasofGeneExpression, HumanDiseaseOntology, UbiHub, HGNC, ChEMBL, RefSeq, EPD, wwPDB, IntAct, IUPHAR-DB, MSeqDR, SANCDB, TDRTargets, RepeatsDB, CARD, AmyPro, BRAINUK, CRCgene, DIADEM, DatabaseofInstrumentsforResourceUseMeasurement, DIBS, dendPoint, GeneProf, HPO, MitoMiner, mirDNMR, MARDy, MeLAD, RVS, recount3, STCRDab, FlyBase, EVpedia, GWASCentral, Reactome, dbNSFP, articles.ELM, HTS-DB, MutationAligner, SNPnexus, IPD-IMGT/HLA, PED, BCCTBbp, MobiDB, GOA, MaConDa, MRIdb, UCLLDLR, BiosurveillanceAnalyticsResourceDirectory, COG, Littorinasequencedatabase, MeDAS, PR(2, PhytoREF, SuperbaSE, tropiTree, BioHub, SAbDab, SynBioHub, SEVA-DB, CyFi-MAP, PGG.Han, PGG.SNV, 2019nCoVR"
"US","US",55,573,"NIGMS NIH HHS, NCI NIH HHS, NHGRI NIH HHS, National Institutes of Health, Intramural NIH HHS, NIAID NIH HHS, NIDDK NIH HHS, NHLBI NIH HHS, NLM NIH HHS, NIMH NIH HHS, NCATS NIH HHS, NCRR NIH HHS, NIH HHS, NIH, NICHD NIH HHS, National Human Genome Research Institute, National Institute of General Medical Sciences, NIDA NIH HHS, NINDS NIH HHS, NIA NIH HHS, National Institute of Allergy and Infectious Diseases, NIDCR NIH HHS, NIEHS NIH HHS, NEI NIH HHS, NIAAA NIH HHS, NIAMS NIH HHS, National Institute of Mental Health, CCR NIH HHS, NIBIB NIH HHS, National Institute on Aging, National Cancer Institute, Howard Hughes Medical Institute, PHS HHS, Cancer Prevention and Research Institute of Texas, U.S. Department of Energy, National Heart, Lung, and Blood Institute, National Institute for Health Research (NIHR), National Institute of Diabetes and Digestive and Kidney Diseases, NSF, United States Department of Agriculture, National Institute of Food and Agriculture, National Eye Institute, FIC NIH HHS, U.S. Department of Agriculture, European Commission, Welch Foundation, National Institute of Health, National Institute on Drug Abuse, NIDCD NIH HHS, NIMHD NIH HHS, Gordon and Betty Moore Foundation, Alfred P. Sloan Foundation, Oregon State University, Foundation for the National Institutes of Health, National Institute of Child Health and Human Development","AAgMarker, ADPriboDB, AnalysisofBreastCancerGWAS, AraPath, AutismBrainImagingDataExchange, BindingMOAD, Bioclock, BioLiP, BioModels, BiOnIC, bNAber, BorreliaBase, C-terminome, Cancer3D, CarbonylDB, CARLSBAD, CeNDR, ChemProt-2.0, ChEpiMod, CHESS, CIL-CCDB, CistromeCancer, CMAP, COLMARLipids, ComplexMixtureAnalysisbyNMR, CoV3D, CRN, dictyBase, DegraBase, DNASU, dbVOR, DeTEXT, DX, DMD, dbMAE, DigitalDevelopment, dbPEC, denovo-db, dbCAN-seq, DNAproDB, DescribePROT, Datanator, DRscDB, GeneExpressionBarcode, FlyExpress, Genes2FANs, EcoCyc, EcoGene, Genome-WideDockingDatabase, ESCAPE, FreeSolv, GenoBase, GenomeSpace, Enrichr, Express, FlyXCDB, EMDB, FusionGDB, exRNAAtlas, ExonSkipDB, hmChIP, HINT, GFDB, HEXEvent, HumanProteinpedia, HippDB, GLASS, HistoneAntibodySpecificityDatabase, GNPS, HumanNet, GlyMDB, HeRA, HbVar, hu.MAP, IsoBase, MACiE, InterPro, LAHEDES, INstruct, IIMDB, M2SG, JASPAR, isoMETLIN, IIIDB, IMG-ABC, ImmuNet, iGNM, KERIS, IRRMC, iPTMnet, ISVdb, iProteinDB, InteracDome, LabxDB, MnM, MedicagoPhosphoProteinDatabase, miR-EdiTar, MonarchBase, MelanomaDB, MediaDB, miRDB, MUFOLD-DB, MouseNet, MutationAligner, Met-DB, MIST, MOSAIC, ModERN, MiPanda, MaveDB, MiST, MitoCarta, PeanutDB, NESdb, OnTheFly, NeXO, PeptiSite, PeptideAtlas, Panorama, PDBe, PDBFlex, NCRO, PAMBD, PanoramaPublic, PDBe-KB, OpenCancerTherApeuticDiscovery, Polbase, PrimerBank, PKKB, PrePPI, Planform, PMP, RADAR--a, PhosphoNetworks, PPD, PyIgClassify, PlantOrDB, PheKB, PhagesDB, PolyA_DB, ProtaBank, piRTarBase, ProteinExplorer, SBKB, RNACoSSMos, ScerTF, RMDB, RegPrecise, SelenoDB, SFLD, SkateBase, rrnDB, SmedGD, RegulonDB, SM-TF, RNAStructuromeDatabase, SPAR, SequencEnG, REDfly, SliceIt, REPIC, SELAdb, SCISSOR√É¬É√Ç¬É√É¬Ç√Ç¬¢√É¬É√Ç¬Ç√É¬Ç√Ç¬à√É¬É√Ç¬Ç√É¬Ç√Ç¬ö√É¬É√Ç¬É√É¬Ç√Ç¬É√É¬É√Ç¬Ç√É¬Ç√Ç¬â√É¬É√Ç¬É√É¬Ç√Ç¬Ç√É¬É√Ç¬Ç√É¬Ç√Ç¬¨√É¬É√Ç¬É√É¬Ç√Ç¬É√É¬É√Ç¬Ç√É¬Ç√Ç¬â√É¬É√Ç¬É√É¬Ç√Ç¬¢√É¬É√Ç¬Ç√É¬Ç√Ç¬à√É¬É√Ç¬Ç√É¬Ç√Ç¬ö√É¬É√Ç¬É√É¬Ç√Ç¬É√É¬É√Ç¬Ç√É¬Ç√Ç¬á√É¬É√Ç¬É√É¬Ç√Ç¬Ç√É¬É√Ç¬Ç√É¬Ç√Ç¬¨√É¬É√Ç¬É√É¬Ç√Ç¬É√É¬É√Ç¬Ç√É¬Ç√Ç¬â√É¬É√Ç¬É√É¬Ç√Ç¬¢√É¬É√Ç¬Ç√É¬Ç√Ç¬à√É¬É√Ç¬Ç√É¬Ç√Ç¬ö√É¬É√Ç¬É√É¬Ç√Ç¬É√É¬É√Ç¬Ç√É¬Ç√Ç¬â√É¬É√Ç¬É√É¬Ç√Ç¬Ç√É¬É√Ç¬Ç√É¬Ç√Ç¬¨√É¬É√Ç¬É√É¬Ç√Ç¬É√É¬É√Ç¬Ç√É¬Ç√Ç¬á√É¬É√Ç¬É√É¬Ç√Ç¬¢√É¬É√Ç¬Ç√É¬Ç√Ç¬à√É¬É√Ç¬Ç√É¬Ç√Ç¬ö√É¬É√Ç¬É√É¬Ç√Ç¬É√É¬É√Ç¬Ç√É¬Ç√Ç¬á√É¬É√Ç¬É√É¬Ç√Ç¬Ç√É¬É√Ç¬Ç√É¬Ç√Ç¬¨√É¬É√Ç¬É√É¬Ç√Ç¬É√É¬É√Ç¬Ç√É¬Ç√Ç¬â√É¬É√Ç¬É√É¬Ç√Ç¬¢√É¬É√Ç¬Ç√É¬Ç√Ç¬à√É¬É√Ç¬Ç√É¬Ç√Ç¬ö√É¬É√Ç¬É√É¬Ç√Ç¬É√É¬É√Ç¬Ç√É¬Ç√Ç¬â√É¬É√Ç¬É√É¬Ç√Ç¬Ç√É¬É√Ç¬Ç√É¬Ç√Ç¬¨√É¬É√Ç¬É√É¬Ç√Ç¬É√É¬É√Ç¬Ç√É¬Ç√Ç¬â√É¬É√Ç¬É√É¬Ç√Ç¬¢√É¬É√Ç¬Ç√É¬Ç√Ç¬à√É¬É√Ç¬Ç√É¬Ç√Ç¬ö√É¬É√Ç¬É√É¬Ç√Ç¬É√É¬É√Ç¬Ç√É¬Ç√Ç¬á√É¬É√Ç¬É√É¬Ç√Ç¬Ç√É¬É√Ç¬Ç√É¬Ç√Ç¬¨√É¬É√Ç¬É√É¬Ç√Ç¬É√É¬É√Ç¬Ç√É¬Ç√Ç¬á√É¬É√Ç¬É√É¬Ç√Ç¬¢√É¬É√Ç¬Ç√É¬Ç√Ç¬à√É¬É√Ç¬Ç√É¬Ç√Ç¬ö√É¬É√Ç¬É√É¬Ç√Ç¬É√É¬É√Ç¬Ç√É¬Ç√Ç¬â√É¬É√Ç¬É√É¬Ç√Ç¬Ç√É¬É√Ç¬Ç√É¬Ç√Ç¬¨√É¬É√Ç¬É√É¬Ç√Ç¬É√É¬É√Ç¬Ç√É¬Ç√Ç¬á√É¬É√Ç¬É√É¬Ç√Ç¬¢√É¬É√Ç¬Ç√É¬Ç√Ç¬à√É¬É√Ç¬Ç√É¬Ç√Ç¬ö√É¬É√Ç¬É√É¬Ç√Ç¬É√É¬É√Ç¬Ç√É¬Ç√Ç¬á√É¬É√Ç¬É√É¬Ç√Ç¬Ç√É¬É√Ç¬Ç√É¬Ç√Ç¬¨√É¬É√Ç¬É√É¬Ç√Ç¬É√É¬É√Ç¬Ç√É¬Ç√Ç¬â√É¬É√Ç¬É√É¬Ç√Ç¬¢√É¬É√Ç¬Ç√É¬Ç√Ç¬à√É¬É√Ç¬Ç√É¬Ç√Ç¬ö√É¬É√Ç¬É√É¬Ç√Ç¬É√É¬É√Ç¬Ç√É¬Ç√Ç¬â√É¬É√Ç¬É√É¬Ç√Ç¬Ç√É¬É√Ç¬Ç√É¬Ç√Ç¬¨√É¬É√Ç¬É√É¬Ç√Ç¬É√É¬É√Ç¬Ç√É¬Ç√Ç¬â√É¬É√Ç¬É√É¬Ç√Ç¬¢√É¬É√Ç¬Ç√É¬Ç√Ç¬à√É¬É√Ç¬Ç√É¬Ç√Ç¬ö√É¬É√Ç¬É√É¬Ç√Ç¬É√É¬É√Ç¬Ç√É¬Ç√Ç¬á√É¬É√Ç¬É√É¬Ç√Ç¬Ç√É¬É√Ç¬Ç√É¬Ç√Ç¬¨√É¬É√Ç¬É√É¬Ç√Ç¬É√É¬É√Ç¬Ç√É¬Ç√Ç¬â√É¬É√Ç¬É√É¬Ç√Ç¬¢√É¬É√Ç¬Ç√É¬Ç√Ç¬à√É¬É√Ç¬Ç√É¬Ç√Ç¬ö√É¬É√Ç¬É√É¬Ç√Ç¬É√É¬É√Ç¬Ç√É¬Ç√Ç¬â√É¬É√Ç¬É√É¬Ç√Ç¬Ç√É¬É√Ç¬Ç√É¬Ç√Ç¬¨√É¬É√Ç¬É√É¬Ç√Ç¬É√É¬É√Ç¬Ç√É¬Ç√Ç¬á√É¬É√Ç¬É√É¬Ç√Ç¬¢√É¬É√Ç¬Ç√É¬Ç√Ç¬à√É¬É√Ç¬Ç√É¬Ç√Ç¬ö√É¬É√Ç¬É√É¬Ç√Ç¬É√É¬É√Ç¬Ç√É¬Ç√Ç¬á√É¬É√Ç¬É√É¬Ç√Ç¬Ç√É¬É√Ç¬Ç√É¬Ç√Ç¬¨√É¬É√Ç¬É√É¬Ç√Ç¬É√É¬É√Ç¬Ç√É¬Ç√Ç¬á√É¬É√Ç¬É√É¬Ç√Ç¬¢√É¬É√Ç¬Ç√É¬Ç√Ç¬à√É¬É√Ç¬Ç√É¬Ç√Ç¬ö√É¬É√Ç¬É√É¬Ç√Ç¬É√É¬É√Ç¬Ç√É¬Ç√Ç¬â√É¬É√Ç¬É√É¬Ç√Ç¬Ç√É¬É√Ç¬Ç√É¬Ç√Ç¬¨√É¬É√Ç¬É√É¬Ç√Ç¬É√É¬É√Ç¬Ç√É¬Ç√Ç¬â√É¬É√Ç¬É√É¬Ç√Ç¬¢√É¬É√Ç¬Ç√É¬Ç√Ç¬à√É¬É√Ç¬Ç√É¬Ç√Ç¬ö√É¬É√Ç¬É√É¬Ç√Ç¬É√É¬É√Ç¬Ç√É¬Ç√Ç¬á√É¬É√Ç¬É√É¬Ç√Ç¬Ç√É¬É√Ç¬Ç√É¬Ç√Ç¬¨√É¬É√Ç¬É√É¬Ç√Ç¬É√É¬É√Ç¬Ç√É¬Ç√Ç¬á√É¬É√Ç¬É√É¬Ç√Ç¬¢√É¬É√Ç¬Ç√É¬Ç√Ç¬à√É¬É√Ç¬Ç√É¬Ç√Ç¬ö√É¬É√Ç¬É√É¬Ç√Ç¬É√É¬É√Ç¬Ç√É¬Ç√Ç¬â√É¬É√Ç¬É√É¬Ç√Ç¬Ç√É¬É√Ç¬Ç√É¬Ç√Ç¬¨√É¬É√Ç¬É√É¬Ç√Ç¬É√É¬É√Ç¬Ç√É¬Ç√Ç¬á√É¬É√Ç¬É√É¬Ç√Ç¬¢√É¬É√Ç¬Ç√É¬Ç√Ç¬à√É¬É√Ç¬Ç√É¬Ç√Ç¬ö√É¬É√Ç¬É√É¬Ç√Ç¬É√É¬É√Ç¬Ç√É¬Ç√Ç¬á√É¬É√Ç¬É√É¬Ç√Ç¬Ç√É¬É√Ç¬Ç√É¬Ç√Ç¬¨√É¬É√Ç¬É√É¬Ç√Ç¬Ç√É¬É√Ç¬Ç√É¬Ç√Ç¬¢, recount3, TGED, Spliceosome, SWEETLEAD, TCDB, tRFdb, StructureSurfer, SysteMHC, TADKB, TCR3d, ZFNGenome, EcoliWiki, zfishbook, PhosphoSitePlus, UCLAMultimodalConnectivityDatabase, cBioPortal, P(3)DB, PortEco, non-humanprimatereferencetranscriptomeresource, DOCKGROUND, UET, XTalkDB, WikiPathways, UniProtKB, SGR, PANTHER, NDB, SCOPe, dbSNP, GRASP, BioGPS, Lynx, UniProt, FlyRNAi, ATLAS, MetaCyc, DASHR, TFBSshape, PDB, ENCODE, GOC, PED, GlyTouCan, antimicrobialpeptidedatabase, GENCODE, iSyTE, VIOLIN, CTD, LNCipedia, EnhancerAtlas, PLncDB, MeT-DB, STRING, Gramene, PRIDE, FlyBase, MODOMICS, ACSR, APAatlas, Bgee, Cancer-Immu, CCGD, ccmGDB, CDSA, CellMiner-SCLC, ChIPprimersDB, CircNet, CMEP, CMS, CNCDatabase, DGA, curatedOvarianData, DGIdb, DSigDB, Datasets2Tools, DrugCentral, Drugmonizome, GeneSigDB, EDR, GDISC, GlycoFish, HOMER, HACER, GutFeelingKB, LinkedOmics, Immu-Mela, MSigDB, MTB, mutLBSgeneDB, MutEx, ModelSEED, MPM, MiREDiBase, NoncodedAminoacidsDatabase, NGS, NURBS, NetGestalt, PAGER, ORegAnno, OncoPPi, PathwayCommons, PAGER-CoV, O-GlcNAcAtlas, QuAD, PMKB, PICKLES, ProNetView-ccRCC, RID, SBCDDB, SistematX, StemCellDiscoveryEngine, Transcriptomine, targetHub, TANRIC, TCCR, SZGR, TissGDB, TCPA, TC3A, TCRD, TSGene, MGI, UCSCGenomeBrowser, Cistrome, CistromeDB, RCSBPDB, Reactome, TANTIGEN, MPD, IPD, ChEMBL, GXD, REDIportal, MGD, AncestralGenomes, atSNP, BARD, BIND, CCDS, CharProtDB, CistromeFinder, CressInt, e-GRASP, dbMTS, GeneTack, factorbook, FireDB, ENVO, HaploReg, GOA, HPO, GtRNAdb, HUMA, GWAS, gnomAD, IntegratedMicrobialGenomesandMetagenomes, modENCODE, modMine, MethylomeDB, MetaRef, MSeqDR, MG-RAST, OMIM, PHARE-KB, PhenoDB, PlantReactome, PMS_DN, SIFTS, SANCDB, RISE, TAIR, TIGRFAMs, SynLethDB, Terabase, TEHub, InternationalNucleotideSequenceDatabaseCollaboration, KB, IMPC, VTO, HumanDiseaseOntology, UniPROBE, VIPdb, SGD, ZFIN, Ensembl, HGNC, BioPortal, RNAcentral, Dfam, FANTOM5, UniCarbKB, APPRIS, HEDD, Rfam, MEROPS, WormBase, dbNSFP, PharmGKB, IGSR, ExpressionAtlas, Pfam, ArrayExpress, ChiTaRS, GOLD, RGD, AgBioData, ADeditome, ASL-LEX, Chickspress, CoCoCoNet, COG, CORUM, CRAFT, CSEA-DB, DKK, HoTResDB, LINCS, KinaseMD, LitCovid, MetabolicInsilicoNetworkExpansions, Milkbioactivepeptidedatabase, MDB, mGAP, MicrobiomeLearningRepo, MIBiG, OGRDB, PKAD, RNACharacterizationofSecondaryStructureMotifs, TMB, tRFtarget, TIE, ToppCell, VISDB, TSEA-DB, VetCOT, MGPPortal, ExoCarta, BioGRID, DSLD, IEDB-AR, ClinVar, CDD, RefSeq, PubChem, BGMUT, BioProject, Bookshelf, CellMinerHCC, CHEAR, Clone, COGs, CRISPRz, DGVa, dbGaP, GBM-BioDP, IBIS, GWASdb, GEO, GTR, HTD, GermlncRNA, iCite, iRefIndex, LabeledIn, NCBITaxonomy, PaVE, PedsDTI, ProPortal, PlacentalAtlasTool, SemMedDB, StRAP, tautomeric, COMBREX, ZInC, VirusVariation, CGD, MMDB, GenBank, 10KIP, ALEdb, AspGD, cAb-Rep, CDG, DFRMLI, HelmCoP, HAND, IRD, MCPdb, PGAT, PolymiRTS, VirmugenDB, APD3, Vaxar, Victors, ViPR, Nematode.net, Gene3D, EuPathDB, MEGARes, VIPERdb, PATRIC, SEED, DBAASP, RPFdb, dkNET, FunGene, HAPPI, MonogenicDiabetesRegistry, OPM, PCD, RDP, SmoothMuscleTranscriptomeBrowser, SPP, ModelOrganismProteinExpressionDatabase, EVpedia, AllenBrainAtlas, GenTAC, LungCellCards, NeuroPedia, StemCellCKB, IntAct, GEneSTATION, PDID, WholeCellKB, BrainEXP, CCFv3, Gemma, GIGA, HDG, PhenoDis, QPN, seeQTL, RNASeqMetaDB, SynGO, Wiki-Pi, MD-CTS, PhosphoGRID, TGD, CrePortal, PhenomeCentral, TISdb, FGDB, MetOSite, miRactDB, ANISEED, CLEARPOND, GEISHA, MeDReaders, Xenbase, BiGG, miRdSNP, PerMM, PhenoGen, CORTECON, DIADEM, DBDB, MIsoMine, EPSLiM, MSK-KP, NakedMoleRatGenomeResource, DBCOVP, PRISMOID, IEDB, CORE, HSP, SSKB, BioPlanet, ICE, CB, GeneWeaver, SIDD, COINS, PCAT, Hipposeq, iPfam, MycobacterialSystemsResource, WheatExp, non-B, VectorBase, GPSno, tRic, IntegratedMicrobialGenomesAtlasofBiosyntheticgeneClusters, PhycoCosm, TBDB, WoM, IMG/VR, CiliaCarta, Hepitopes, NECTAR, AFND, AraPheno, AcrDB, dbCAN-PUL, MaizeGDB, CuGenDB, GDR, BGD, SchistoDB, RCPedia, TDRTargets, HopBase, SoyBase, DrugComb, SKEMPI, FINDbase, Echinobase, ENA, GEMI, UNITE, FragariaCyc"
